-- inicjalizacja bazy danych: przykładowe dane

insert into user(username, email, password) values
('admin', 'admin@localhost', hash('SHA256', stringtoutf8('kaszanka'), 1)),
('student', 'student@wizut', hash('SHA256', stringtoutf8('pandatrzy'), 1)),
('user', 'user@localhost', hash('SHA256', stringtoutf8('user'), 1));

insert into item_manufacturer(id,name,origin) values (1,'Supreme','USA');
insert into item_manufacturer(id,name,origin) values (2,'Nike','USA');                                 
insert into item_manufacturer(id,name,origin) values (3,'Adidas','Niemcy');                                 
insert into item_manufacturer(id,name,origin) values (4,'Puma','Niemcy');                                 
insert into item_manufacturer(id,name,origin) values (5,'Gucci','Włochy');                                 
insert into item_manufacturer(id,name,origin) values (6,'Hilfiger','USA');                                 
insert into item_manufacturer(id,name,origin) values (7,'Prosto','Polska');                                 
insert into item_manufacturer(id,name,origin) values (8,'Timberland','USA');                              
insert into item_manufacturer(id,name,origin) values (9,'Ellesse','Włochy');                              

insert into sizing_type(id,size) values (1,'M');                              
insert into sizing_type(id,size) values (2,'M');                              
insert into sizing_type(id,size) values (3,'M');                              
insert into sizing_type(id,size) values (4,'M');                              
insert into sizing_type(id,size) values (5,'M');                              
insert into sizing_type(id,size) values (6,'M');                              
insert into sizing_type(id,size) values (7,'M');                              
insert into sizing_type(id,size) values (8,'M');                              
insert into sizing_type(id,size) values (9,'M');                              
insert into sizing_type(id,size) values (10,'M');                              
insert into sizing_type(id,size) values (11,'M');                              
insert into sizing_type(id,size) values (12,'M');                              
insert into sizing_type(id,size) values (13,'M');                              
insert into sizing_type(id,size) values (14,'M');                              
insert into sizing_type(id,size) values (15,'M');                              
insert into sizing_type(id,size) values (16,'M');                              

                                
insert into item_model (id, is_shoe, name, retail_price, colour, cut, gender, manufacturer_id, sizing_id) values (1, true, 'kolekcja zima półbuty', 320, 'jasnokremowy', '', 'F', 4, 6);
insert into item_model (id, is_shoe, name, retail_price, colour, cut, gender, manufacturer_id, sizing_id) values (2, true, 'kolekcja jesień koturny', 539, 'ciemnoczerwony', '', 'Unisex', 5, 14);
insert into item_model (id, is_shoe, name, retail_price, colour, cut, gender, manufacturer_id, sizing_id) values (3, false, 'kolekcja zima kurtka', 464, 'kremowy', 'standard', 'M', 7, 7);
insert into item_model (id, is_shoe, name, retail_price, colour, cut, gender, manufacturer_id, sizing_id) values (4, true, 'kolekcja jesień kozaki', 430, 'cielisty', '', 'F', 1, 7);
insert into item_model (id, is_shoe, name, retail_price, colour, cut, gender, manufacturer_id, sizing_id) values (5, true, 'kolekcja wiosna klapki', 390, 'bladoczerwony', '', 'M', 2, 14);
insert into item_model (id, is_shoe, name, retail_price, colour, cut, gender, manufacturer_id, sizing_id) values (6, true, 'kolekcja zima trampki', 211, 'ciemnoniebieski', '', 'F', 6, 13);
insert into item_model (id, is_shoe, name, retail_price, colour, cut, gender, manufacturer_id, sizing_id) values (7, false, 'kolekcja lato bluza', 325, 'ciemnobrązowy', 'skinny', 'Unisex', 7, 4);
insert into item_model (id, is_shoe, name, retail_price, colour, cut, gender, manufacturer_id, sizing_id) values (8, true, 'kolekcja jesień klapki', 542, 'bladoniebieski', '', 'M', 1, 11);
insert into item_model (id, is_shoe, name, retail_price, colour, cut, gender, manufacturer_id, sizing_id) values (9, true, 'kolekcja lato koturny', 293, 'ciemnoczerwony', '', 'M', 3, 11);
insert into item_model (id, is_shoe, name, retail_price, colour, cut, gender, manufacturer_id, sizing_id) values (10, false, 'kolekcja zima longsleeve', 663, 'jasnożółty', 'standard', 'Unisex', 2, 13);
insert into item_model (id, is_shoe, name, retail_price, colour, cut, gender, manufacturer_id, sizing_id) values (11, false, 'kolekcja jesień t-shirt', 80, 'bladoniebieski', 'standard', 'Unisex', 4, 15);
insert into item_model (id, is_shoe, name, retail_price, colour, cut, gender, manufacturer_id, sizing_id) values (12, false, 'kolekcja jesień t-shirt', 651, 'bladokremowy', 'standard', 'F', 1, 4);
insert into item_model (id, is_shoe, name, retail_price, colour, cut, gender, manufacturer_id, sizing_id) values (13, false, 'kolekcja zima dresy', 107, 'zielony', 'tight', 'M', 6, 10);
insert into item_model (id, is_shoe, name, retail_price, colour, cut, gender, manufacturer_id, sizing_id) values (14, false, 'kolekcja wiosna kurtka', 378, 'jasnozielony', 'skinny', 'Unisex', 9, 3);
insert into item_model (id, is_shoe, name, retail_price, colour, cut, gender, manufacturer_id, sizing_id) values (15, true, 'kolekcja zima kozaki', 209, 'kremowy', '', 'F', 3, 5);
insert into item_model (id, is_shoe, name, retail_price, colour, cut, gender, manufacturer_id, sizing_id) values (16, true, 'kolekcja jesień kozaki', 580, 'jasnopurpurowy', '', 'F', 6, 10);
insert into item_model (id, is_shoe, name, retail_price, colour, cut, gender, manufacturer_id, sizing_id) values (17, true, 'kolekcja zima półbuty', 205, 'ciemnokremowy', '', 'F', 7, 12);
insert into item_model (id, is_shoe, name, retail_price, colour, cut, gender, manufacturer_id, sizing_id) values (18, false, 'kolekcja zima longsleeve', 297, 'jasnożółty', 'skinny', 'Unisex', 3, 15);
insert into item_model (id, is_shoe, name, retail_price, colour, cut, gender, manufacturer_id, sizing_id) values (19, true, 'kolekcja wiosna lakierki', 609, 'purpurowy', '', 'M', 4, 4);
insert into item_model (id, is_shoe, name, retail_price, colour, cut, gender, manufacturer_id, sizing_id) values (20, true, 'kolekcja zima lakierki', 136, 'ciemnozielony', '', 'F', 2, 2);
insert into item_model (id, is_shoe, name, retail_price, colour, cut, gender, manufacturer_id, sizing_id) values (21, false, 'kolekcja wiosna bluza', 389, 'purpurowy', 'skinny', 'F', 4, 11);
insert into item_model (id, is_shoe, name, retail_price, colour, cut, gender, manufacturer_id, sizing_id) values (22, false, 'kolekcja zima kurtka', 576, 'ciemnożółty', 'standard', 'F', 1, 6);
insert into item_model (id, is_shoe, name, retail_price, colour, cut, gender, manufacturer_id, sizing_id) values (23, true, 'kolekcja jesień półbuty', 396, 'bladopurpurowy', '', 'M', 2, 7);
insert into item_model (id, is_shoe, name, retail_price, colour, cut, gender, manufacturer_id, sizing_id) values (24, false, 'kolekcja lato kurtka', 166, 'szary', 'tight', 'F', 1, 9);
insert into item_model (id, is_shoe, name, retail_price, colour, cut, gender, manufacturer_id, sizing_id) values (25, true, 'kolekcja wiosna klapki', 576, 'bladoniebieski', '', 'Unisex', 6, 15);
insert into item_model (id, is_shoe, name, retail_price, colour, cut, gender, manufacturer_id, sizing_id) values (26, true, 'kolekcja wiosna koturny', 677, 'brązowy', '', 'Unisex', 1, 2);
insert into item_model (id, is_shoe, name, retail_price, colour, cut, gender, manufacturer_id, sizing_id) values (27, true, 'kolekcja lato lakierki', 541, 'jasnopurpurowy', '', 'M', 6, 8);
insert into item_model (id, is_shoe, name, retail_price, colour, cut, gender, manufacturer_id, sizing_id) values (28, false, 'kolekcja zima dresy', 542, 'bladożółty', 'tight', 'M', 5, 5);
insert into item_model (id, is_shoe, name, retail_price, colour, cut, gender, manufacturer_id, sizing_id) values (29, false, 'kolekcja zima bluza', 393, 'ciemnopurpurowy', 'tight', 'M', 8, 12);
insert into item_model (id, is_shoe, name, retail_price, colour, cut, gender, manufacturer_id, sizing_id) values (30, true, 'kolekcja wiosna klapki', 222, 'niebieski', '', 'Unisex', 3, 2);
insert into item_model (id, is_shoe, name, retail_price, colour, cut, gender, manufacturer_id, sizing_id) values (31, false, 'kolekcja zima jeans', 500, 'kremowy', 'skinny', 'Unisex', 8, 4);
insert into item_model (id, is_shoe, name, retail_price, colour, cut, gender, manufacturer_id, sizing_id) values (32, false, 'kolekcja jesień t-shirt', 73, 'żółty', 'standard', 'Unisex', 5, 11);
insert into item_model (id, is_shoe, name, retail_price, colour, cut, gender, manufacturer_id, sizing_id) values (33, true, 'kolekcja zima koturny', 474, 'jasnożółty', '', 'M', 9, 10);
insert into item_model (id, is_shoe, name, retail_price, colour, cut, gender, manufacturer_id, sizing_id) values (34, false, 'kolekcja jesień kurtka', 555, 'ciemnoczerwony', 'standard', 'Unisex', 4, 2);
insert into item_model (id, is_shoe, name, retail_price, colour, cut, gender, manufacturer_id, sizing_id) values (35, false, 'kolekcja wiosna sweter', 664, 'jasnocielisty', 'standard', 'Unisex', 8, 15);
insert into item_model (id, is_shoe, name, retail_price, colour, cut, gender, manufacturer_id, sizing_id) values (36, false, 'kolekcja wiosna jeans', 673, 'zielony', 'standard', 'M', 4, 9);
insert into item_model (id, is_shoe, name, retail_price, colour, cut, gender, manufacturer_id, sizing_id) values (37, false, 'kolekcja lato t-shirt', 212, 'jasnożółty', 'tight', 'F', 4, 8);
insert into item_model (id, is_shoe, name, retail_price, colour, cut, gender, manufacturer_id, sizing_id) values (38, false, 'kolekcja wiosna dresy', 111, 'bladopurpurowy', 'tight', 'Unisex', 2, 1);
insert into item_model (id, is_shoe, name, retail_price, colour, cut, gender, manufacturer_id, sizing_id) values (39, false, 'kolekcja wiosna jeans', 304, 'czerwony', 'tight', 'Unisex', 6, 16);
insert into item_model (id, is_shoe, name, retail_price, colour, cut, gender, manufacturer_id, sizing_id) values (40, false, 'kolekcja zima jeans', 273, 'jasnobrązowy', 'tight', 'M', 5, 16);
insert into item_model (id, is_shoe, name, retail_price, colour, cut, gender, manufacturer_id, sizing_id) values (41, true, 'kolekcja jesień trampki', 113, 'jasnoczerwony', '', 'M', 1, 7);
insert into item_model (id, is_shoe, name, retail_price, colour, cut, gender, manufacturer_id, sizing_id) values (42, false, 'kolekcja zima kurtka', 639, 'cielisty', 'standard', 'Unisex', 9, 13);
insert into item_model (id, is_shoe, name, retail_price, colour, cut, gender, manufacturer_id, sizing_id) values (43, false, 'kolekcja wiosna longsleeve', 198, 'cielisty', 'skinny', 'F', 5, 6);
insert into item_model (id, is_shoe, name, retail_price, colour, cut, gender, manufacturer_id, sizing_id) values (44, true, 'kolekcja lato trampki', 140, 'ciemnoszary', '', 'F', 6, 1);
insert into item_model (id, is_shoe, name, retail_price, colour, cut, gender, manufacturer_id, sizing_id) values (45, false, 'kolekcja lato t-shirt', 202, 'ciemnozielony', 'tight', 'M', 1, 8);
insert into item_model (id, is_shoe, name, retail_price, colour, cut, gender, manufacturer_id, sizing_id) values (46, true, 'kolekcja jesień lakierki', 644, 'czerwony', '', 'Unisex', 5, 4);
insert into item_model (id, is_shoe, name, retail_price, colour, cut, gender, manufacturer_id, sizing_id) values (47, true, 'kolekcja wiosna koturny', 351, 'jasnozielony', '', 'Unisex', 6, 7);
insert into item_model (id, is_shoe, name, retail_price, colour, cut, gender, manufacturer_id, sizing_id) values (48, true, 'kolekcja jesień kozaki', 105, 'ciemnożółty', '', 'M', 7, 16);
insert into item_model (id, is_shoe, name, retail_price, colour, cut, gender, manufacturer_id, sizing_id) values (49, true, 'kolekcja lato lakierki', 190, 'jasnobrązowy', '', 'F', 8, 6);
insert into item_model (id, is_shoe, name, retail_price, colour, cut, gender, manufacturer_id, sizing_id) values (50, false, 'kolekcja zima kurtka', 213, 'niebieski', 'tight', 'Unisex', 1, 12);
insert into item_model (id, is_shoe, name, retail_price, colour, cut, gender, manufacturer_id, sizing_id) values (51, true, 'kolekcja zima kozaki', 567, 'ciemnoczerwony', '', 'F', 7, 11);
insert into item_model (id, is_shoe, name, retail_price, colour, cut, gender, manufacturer_id, sizing_id) values (52, false, 'kolekcja wiosna kurtka', 679, 'ciemnożółty', 'standard', 'F', 6, 7);
insert into item_model (id, is_shoe, name, retail_price, colour, cut, gender, manufacturer_id, sizing_id) values (53, false, 'kolekcja lato jeans', 567, 'ciemnopurpurowy', 'tight', 'Unisex', 3, 1);
insert into item_model (id, is_shoe, name, retail_price, colour, cut, gender, manufacturer_id, sizing_id) values (54, false, 'kolekcja lato longsleeve', 322, 'ciemnoczerwony', 'tight', 'M', 8, 6);
insert into item_model (id, is_shoe, name, retail_price, colour, cut, gender, manufacturer_id, sizing_id) values (55, true, 'kolekcja jesień półbuty', 674, 'bladoniebieski', '', 'Unisex', 9, 13);
insert into item_model (id, is_shoe, name, retail_price, colour, cut, gender, manufacturer_id, sizing_id) values (56, false, 'kolekcja zima sweter', 429, 'bladocielisty', 'tight', 'Unisex', 6, 16);
insert into item_model (id, is_shoe, name, retail_price, colour, cut, gender, manufacturer_id, sizing_id) values (57, false, 'kolekcja jesień kurtka', 284, 'bladokremowy', 'skinny', 'F', 8, 14);
insert into item_model (id, is_shoe, name, retail_price, colour, cut, gender, manufacturer_id, sizing_id) values (58, false, 'kolekcja wiosna jeans', 673, 'bladocielisty', 'standard', 'Unisex', 3, 5);
insert into item_model (id, is_shoe, name, retail_price, colour, cut, gender, manufacturer_id, sizing_id) values (59, false, 'kolekcja zima jeans', 659, 'jasnoszary', 'standard', 'Unisex', 2, 7);
insert into item_model (id, is_shoe, name, retail_price, colour, cut, gender, manufacturer_id, sizing_id) values (60, false, 'kolekcja lato dresy', 537, 'jasnozielony', 'skinny', 'M', 6, 4);
insert into item_model (id, is_shoe, name, retail_price, colour, cut, gender, manufacturer_id, sizing_id) values (61, true, 'kolekcja zima kozaki', 643, 'ciemnokremowy', '', 'M', 3, 9);
insert into item_model (id, is_shoe, name, retail_price, colour, cut, gender, manufacturer_id, sizing_id) values (62, false, 'kolekcja jesień sweter', 402, 'ciemnokremowy', 'skinny', 'M', 6, 16);
insert into item_model (id, is_shoe, name, retail_price, colour, cut, gender, manufacturer_id, sizing_id) values (63, true, 'kolekcja wiosna koturny', 220, 'bladoszary', '', 'F', 1, 10);
insert into item_model (id, is_shoe, name, retail_price, colour, cut, gender, manufacturer_id, sizing_id) values (64, true, 'kolekcja zima kozaki', 127, 'bladoniebieski', '', 'Unisex', 5, 14);
insert into item_model (id, is_shoe, name, retail_price, colour, cut, gender, manufacturer_id, sizing_id) values (65, true, 'kolekcja lato koturny', 294, 'bladokremowy', '', 'M', 9, 10);
insert into item_model (id, is_shoe, name, retail_price, colour, cut, gender, manufacturer_id, sizing_id) values (66, true, 'kolekcja jesień koturny', 123, 'jasnocielisty', '', 'F', 2, 7);
insert into item_model (id, is_shoe, name, retail_price, colour, cut, gender, manufacturer_id, sizing_id) values (67, false, 'kolekcja zima longsleeve', 151, 'jasnoczerwony', 'standard', 'F', 2, 11);
insert into item_model (id, is_shoe, name, retail_price, colour, cut, gender, manufacturer_id, sizing_id) values (68, true, 'kolekcja jesień trampki', 184, 'brązowy', '', 'F', 5, 12);
insert into item_model (id, is_shoe, name, retail_price, colour, cut, gender, manufacturer_id, sizing_id) values (69, false, 'kolekcja zima bluza', 207, 'cielisty', 'tight', 'F', 4, 1);
insert into item_model (id, is_shoe, name, retail_price, colour, cut, gender, manufacturer_id, sizing_id) values (70, true, 'kolekcja lato koturny', 281, 'jasnozielony', '', 'Unisex', 2, 11);
insert into item_model (id, is_shoe, name, retail_price, colour, cut, gender, manufacturer_id, sizing_id) values (71, false, 'kolekcja jesień sweter', 610, 'ciemnozielony', 'tight', 'F', 7, 12);
insert into item_model (id, is_shoe, name, retail_price, colour, cut, gender, manufacturer_id, sizing_id) values (72, false, 'kolekcja lato kurtka', 274, 'bladopurpurowy', 'skinny', 'M', 5, 2);
insert into item_model (id, is_shoe, name, retail_price, colour, cut, gender, manufacturer_id, sizing_id) values (73, false, 'kolekcja lato jeans', 271, 'ciemnoniebieski', 'skinny', 'Unisex', 8, 7);
insert into item_model (id, is_shoe, name, retail_price, colour, cut, gender, manufacturer_id, sizing_id) values (74, true, 'kolekcja lato klapki', 497, 'jasnozielony', '', 'M', 3, 1);
insert into item_model (id, is_shoe, name, retail_price, colour, cut, gender, manufacturer_id, sizing_id) values (75, true, 'kolekcja wiosna klapki', 243, 'czerwony', '', 'F', 7, 7);
insert into item_model (id, is_shoe, name, retail_price, colour, cut, gender, manufacturer_id, sizing_id) values (76, false, 'kolekcja wiosna kurtka', 159, 'bladoczerwony', 'standard', 'F', 9, 7);
insert into item_model (id, is_shoe, name, retail_price, colour, cut, gender, manufacturer_id, sizing_id) values (77, false, 'kolekcja lato jeans', 344, 'ciemnoniebieski', 'standard', 'M', 1, 3);
insert into item_model (id, is_shoe, name, retail_price, colour, cut, gender, manufacturer_id, sizing_id) values (78, false, 'kolekcja wiosna sweter', 248, 'bladopurpurowy', 'tight', 'F', 3, 5);
insert into item_model (id, is_shoe, name, retail_price, colour, cut, gender, manufacturer_id, sizing_id) values (79, false, 'kolekcja lato kurtka', 95, 'ciemnozielony', 'skinny', 'F', 5, 2);
insert into item_model (id, is_shoe, name, retail_price, colour, cut, gender, manufacturer_id, sizing_id) values (80, true, 'kolekcja lato kozaki', 646, 'jasnokremowy', '', 'Unisex', 8, 16);
insert into item_model (id, is_shoe, name, retail_price, colour, cut, gender, manufacturer_id, sizing_id) values (81, false, 'kolekcja lato jeans', 517, 'ciemnoczerwony', 'skinny', 'F', 9, 16);
insert into item_model (id, is_shoe, name, retail_price, colour, cut, gender, manufacturer_id, sizing_id) values (82, false, 'kolekcja zima bluza', 361, 'ciemnoniebieski', 'skinny', 'F', 2, 12);
insert into item_model (id, is_shoe, name, retail_price, colour, cut, gender, manufacturer_id, sizing_id) values (83, true, 'kolekcja wiosna klapki', 162, 'cielisty', '', 'Unisex', 2, 9);
insert into item_model (id, is_shoe, name, retail_price, colour, cut, gender, manufacturer_id, sizing_id) values (84, false, 'kolekcja wiosna dresy', 267, 'cielisty', 'tight', 'F', 5, 12);
insert into item_model (id, is_shoe, name, retail_price, colour, cut, gender, manufacturer_id, sizing_id) values (85, false, 'kolekcja zima sweter', 582, 'ciemnobrązowy', 'skinny', 'Unisex', 4, 2);
insert into item_model (id, is_shoe, name, retail_price, colour, cut, gender, manufacturer_id, sizing_id) values (86, true, 'kolekcja jesień kozaki', 306, 'bladocielisty', '', 'Unisex', 7, 9);
insert into item_model (id, is_shoe, name, retail_price, colour, cut, gender, manufacturer_id, sizing_id) values (87, true, 'kolekcja lato trampki', 364, 'bladoniebieski', '', 'F', 4, 15);
insert into item_model (id, is_shoe, name, retail_price, colour, cut, gender, manufacturer_id, sizing_id) values (88, false, 'kolekcja zima t-shirt', 103, 'kremowy', 'tight', 'Unisex', 2, 12);
insert into item_model (id, is_shoe, name, retail_price, colour, cut, gender, manufacturer_id, sizing_id) values (89, false, 'kolekcja wiosna bluza', 351, 'bladobrązowy', 'standard', 'F', 3, 6);
insert into item_model (id, is_shoe, name, retail_price, colour, cut, gender, manufacturer_id, sizing_id) values (90, false, 'kolekcja wiosna sweter', 525, 'jasnocielisty', 'tight', 'Unisex', 8, 9);
insert into item_model (id, is_shoe, name, retail_price, colour, cut, gender, manufacturer_id, sizing_id) values (91, false, 'kolekcja wiosna bluza', 642, 'jasnożółty', 'skinny', 'Unisex', 2, 9);
insert into item_model (id, is_shoe, name, retail_price, colour, cut, gender, manufacturer_id, sizing_id) values (92, false, 'kolekcja lato sweter', 136, 'jasnoszary', 'standard', 'F', 6, 12);
insert into item_model (id, is_shoe, name, retail_price, colour, cut, gender, manufacturer_id, sizing_id) values (93, false, 'kolekcja jesień longsleeve', 550, 'ciemnożółty', 'tight', 'Unisex', 5, 9);
insert into item_model (id, is_shoe, name, retail_price, colour, cut, gender, manufacturer_id, sizing_id) values (94, false, 'kolekcja lato jeans', 210, 'jasnocielisty', 'skinny', 'Unisex', 5, 8);
insert into item_model (id, is_shoe, name, retail_price, colour, cut, gender, manufacturer_id, sizing_id) values (95, true, 'kolekcja wiosna kozaki', 96, 'jasnoczerwony', '', 'Unisex', 7, 15);
insert into item_model (id, is_shoe, name, retail_price, colour, cut, gender, manufacturer_id, sizing_id) values (96, false, 'kolekcja lato kurtka', 443, 'bladozielony', 'standard', 'M', 4, 10);
insert into item_model (id, is_shoe, name, retail_price, colour, cut, gender, manufacturer_id, sizing_id) values (97, true, 'kolekcja zima trampki', 209, 'ciemnocielisty', '', 'Unisex', 1, 11);
insert into item_model (id, is_shoe, name, retail_price, colour, cut, gender, manufacturer_id, sizing_id) values (98, true, 'kolekcja jesień klapki', 252, 'ciemnoszary', '', 'M', 4, 2);
insert into item_model (id, is_shoe, name, retail_price, colour, cut, gender, manufacturer_id, sizing_id) values (99, true, 'kolekcja lato koturny', 226, 'bladokremowy', '', 'F', 1, 14);


-- przykładowe oferty
insert into offer (id, title, date, year, condition, price, item_model_id, user_id) values (1, 'ostatnia sztuka faktura bez dziur bawełna', '2017-07-25', 2014, 'dobry', 597, 52, 1);
insert into offer (id, title, date, year, condition, price, item_model_id, user_id) values (2, 'bawełna WYPRZEDAŻ', '2016-08-16', 2013, 'doskonały', 173, 25, 1);
insert into offer (id, title, date, year, condition, price, item_model_id, user_id) values (3, 'powystawowa sprzedaż bawełna', '2020-01-08', 2020, 'bardzo dobry', 62, 99, 1);
insert into offer (id, title, date, year, condition, price, item_model_id, user_id) values (4, 'oryginał', '2017-05-12', 2015, 'bardzo dobry', 413, 70, 1);
insert into offer (id, title, date, year, condition, price, item_model_id, user_id) values (5, 'ostatnia sztuka', '2016-04-21', 2014, 'bardzo dobry', 598, 52, 1);
insert into offer (id, title, date, year, condition, price, item_model_id, user_id) values (6, 'made in poland', '2018-04-09', 2017, 'poprawny', 604, 45, 1);
insert into offer (id, title, date, year, condition, price, item_model_id, user_id) values (7, 'firma', '2015-08-03', 2014, 'doskonały', 396, 31, 1);
insert into offer (id, title, date, year, condition, price, item_model_id, user_id) values (8, 'powystawowa sprzedaż OKAZJA oryginał', '2016-03-03', 2015, 'doskonały', 514, 14, 1);
insert into offer (id, title, date, year, condition, price, item_model_id, user_id) values (9, 'made in poland casual OKAZJA', '2016-11-12', 2016, 'bardzo dobry', 695, 33, 1);
insert into offer (id, title, date, year, condition, price, item_model_id, user_id) values (10, 'ostatnia sztuka powystawowa sprzedaż oryginał made in poland', '2018-03-05', 2016, 'dobry', 107, 84, 1);
insert into offer (id, title, date, year, condition, price, item_model_id, user_id) values (11, 'firma legit', '2016-08-20', 2015, 'bardzo dobry', 347, 91, 1);
insert into offer (id, title, date, year, condition, price, item_model_id, user_id) values (12, 'firma bawełna', '2016-09-13', 2013, 'doskonały', 607, 24, 1);
insert into offer (id, title, date, year, condition, price, item_model_id, user_id) values (13, 'bez dziur faktura', '2020-01-21', 2013, 'dobry', 506, 3, 1);
insert into offer (id, title, date, year, condition, price, item_model_id, user_id) values (14, 'made in poland', '2019-02-26', 2013, 'bardzo dobry', 165, 52, 1);
insert into offer (id, title, date, year, condition, price, item_model_id, user_id) values (15, 'powystawowa sprzedaż', '2016-01-26', 2015, 'bardzo dobry', 157, 58, 1);
insert into offer (id, title, date, year, condition, price, item_model_id, user_id) values (16, 'OKAZJA firma bawełna', '2020-03-14', 2019, 'bardzo dobry', 640, 39, 1);
insert into offer (id, title, date, year, condition, price, item_model_id, user_id) values (17, 'sport bez dziur', '2015-08-29', 2014, 'poprawny', 355, 87, 1);
insert into offer (id, title, date, year, condition, price, item_model_id, user_id) values (18, 'streetwear sport bez dziur ostatnia sztuka', '2017-06-12', 2013, 'dobry', 694, 26, 1);
insert into offer (id, title, date, year, condition, price, item_model_id, user_id) values (19, 'WYPRZEDAŻ bez dziur streetwear', '2019-03-26', 2013, 'dobry', 397, 21, 1);
insert into offer (id, title, date, year, condition, price, item_model_id, user_id) values (20, 'bawełna casual', '2016-03-01', 2016, 'bardzo dobry', 675, 64, 1);
insert into offer (id, title, date, year, condition, price, item_model_id, user_id) values (21, 'casual oryginał', '2018-11-23', 2018, 'bardzo dobry', 623, 62, 1);
insert into offer (id, title, date, year, condition, price, item_model_id, user_id) values (22, 'powystawowa sprzedaż bawełna', '2018-07-22', 2014, 'poprawny', 294, 95, 1);
insert into offer (id, title, date, year, condition, price, item_model_id, user_id) values (23, 'WYPRZEDAŻ firma ostatnia sztuka sport', '2018-12-25', 2016, 'poprawny', 190, 38, 1);
insert into offer (id, title, date, year, condition, price, item_model_id, user_id) values (24, 'ostatnia sztuka', '2019-03-16', 2019, 'bardzo dobry', 275, 17, 1);
insert into offer (id, title, date, year, condition, price, item_model_id, user_id) values (25, 'powystawowa sprzedaż', '2020-01-25', 2016, 'dobry', 40, 6, 1);
insert into offer (id, title, date, year, condition, price, item_model_id, user_id) values (26, 'made in poland legit faktura bawełna', '2018-05-27', 2016, 'bardzo dobry', 49, 76, 1);
insert into offer (id, title, date, year, condition, price, item_model_id, user_id) values (27, 'faktura bawełna oryginał ostatnia sztuka', '2019-09-08', 2014, 'poprawny', 53, 12, 1);
insert into offer (id, title, date, year, condition, price, item_model_id, user_id) values (28, 'made in poland ostatnia sztuka faktura oryginał', '2020-01-18', 2016, 'poprawny', 597, 77, 1);
insert into offer (id, title, date, year, condition, price, item_model_id, user_id) values (29, 'bawełna faktura', '2016-05-28', 2014, 'bardzo dobry', 610, 32, 1);
insert into offer (id, title, date, year, condition, price, item_model_id, user_id) values (30, 'sport WYPRZEDAŻ', '2019-07-28', 2015, 'doskonały', 272, 10, 1);
insert into offer (id, title, date, year, condition, price, item_model_id, user_id) values (31, 'powystawowa sprzedaż ostatnia sztuka legit bez dziur', '2019-03-07', 2014, 'poprawny', 267, 46, 1);
insert into offer (id, title, date, year, condition, price, item_model_id, user_id) values (32, 'ostatnia sztuka OKAZJA bawełna sport', '2015-08-04', 2014, 'bardzo dobry', 669, 99, 1);
insert into offer (id, title, date, year, condition, price, item_model_id, user_id) values (33, 'bez dziur streetwear WYPRZEDAŻ', '2016-09-17', 2014, 'poprawny', 253, 59, 1);
insert into offer (id, title, date, year, condition, price, item_model_id, user_id) values (34, 'bawełna streetwear', '2017-12-25', 2015, 'dobry', 697, 9, 1);
insert into offer (id, title, date, year, condition, price, item_model_id, user_id) values (35, 'faktura OKAZJA powystawowa sprzedaż', '2020-01-04', 2013, 'dobry', 171, 4, 1);
insert into offer (id, title, date, year, condition, price, item_model_id, user_id) values (36, 'bez dziur OKAZJA', '2018-04-07', 2016, 'dobry', 280, 59, 1);
insert into offer (id, title, date, year, condition, price, item_model_id, user_id) values (37, 'oryginał made in poland faktura ostatnia sztuka', '2018-05-20', 2016, 'dobry', 597, 12, 1);
insert into offer (id, title, date, year, condition, price, item_model_id, user_id) values (38, 'bez dziur ostatnia sztuka sport legit', '2015-07-06', 2015, 'bardzo dobry', 570, 100, 1);
insert into offer (id, title, date, year, condition, price, item_model_id, user_id) values (39, 'OKAZJA firma', '2015-11-11', 2015, 'doskonały', 518, 14, 1);
insert into offer (id, title, date, year, condition, price, item_model_id, user_id) values (40, 'firma ostatnia sztuka streetwear made in poland', '2018-07-14', 2018, 'poprawny', 607, 94, 1);
insert into offer (id, title, date, year, condition, price, item_model_id, user_id) values (41, 'sport', '2016-11-11', 2014, 'bardzo dobry', 359, 3, 1);
insert into offer (id, title, date, year, condition, price, item_model_id, user_id) values (42, 'made in poland legit oryginał', '2020-01-23', 2019, 'bardzo dobry', 92, 77, 1);
insert into offer (id, title, date, year, condition, price, item_model_id, user_id) values (43, 'WYPRZEDAŻ sport made in poland', '2019-03-16', 2019, 'doskonały', 345, 71, 1);
insert into offer (id, title, date, year, condition, price, item_model_id, user_id) values (44, 'sport oryginał', '2017-03-03', 2015, 'dobry', 112, 2, 1);
insert into offer (id, title, date, year, condition, price, item_model_id, user_id) values (45, 'oryginał casual', '2017-08-31', 2016, 'bardzo dobry', 628, 11, 1);
insert into offer (id, title, date, year, condition, price, item_model_id, user_id) values (46, 'faktura casual powystawowa sprzedaż sport', '2017-01-15', 2015, 'bardzo dobry', 317, 44, 1);
insert into offer (id, title, date, year, condition, price, item_model_id, user_id) values (47, 'bez dziur casual', '2020-04-22', 2018, 'doskonały', 328, 44, 1);
insert into offer (id, title, date, year, condition, price, item_model_id, user_id) values (48, 'streetwear', '2016-10-19', 2016, 'dobry', 236, 12, 1);
insert into offer (id, title, date, year, condition, price, item_model_id, user_id) values (49, 'faktura sport WYPRZEDAŻ', '2019-12-12', 2013, 'poprawny', 575, 50, 1);
insert into offer (id, title, date, year, condition, price, item_model_id, user_id) values (50, 'streetwear firma', '2018-04-28', 2018, 'bardzo dobry', 689, 69, 1);
insert into offer (id, title, date, year, condition, price, item_model_id, user_id) values (51, 'streetwear OKAZJA casual faktura', '2015-12-31', 2014, 'bardzo dobry', 327, 90, 1);
insert into offer (id, title, date, year, condition, price, item_model_id, user_id) values (52, 'ostatnia sztuka streetwear bez dziur', '2018-04-07', 2016, 'bardzo dobry', 309, 20, 1);
insert into offer (id, title, date, year, condition, price, item_model_id, user_id) values (53, 'OKAZJA made in poland', '2020-04-30', 2019, 'dobry', 196, 59, 1);
insert into offer (id, title, date, year, condition, price, item_model_id, user_id) values (54, 'made in poland streetwear faktura', '2018-12-26', 2018, 'poprawny', 408, 58, 1);
insert into offer (id, title, date, year, condition, price, item_model_id, user_id) values (55, 'oryginał WYPRZEDAŻ', '2018-07-05', 2015, 'dobry', 610, 49, 1);
insert into offer (id, title, date, year, condition, price, item_model_id, user_id) values (56, 'made in poland firma', '2015-11-21', 2014, 'dobry', 490, 47, 1);
insert into offer (id, title, date, year, condition, price, item_model_id, user_id) values (57, 'legit', '2019-09-04', 2016, 'poprawny', 565, 96, 1);
insert into offer (id, title, date, year, condition, price, item_model_id, user_id) values (58, 'WYPRZEDAŻ OKAZJA', '2019-04-16', 2018, 'doskonały', 190, 75, 1);
insert into offer (id, title, date, year, condition, price, item_model_id, user_id) values (59, 'powystawowa sprzedaż bez dziur bawełna WYPRZEDAŻ', '2019-07-29', 2019, 'bardzo dobry', 259, 90, 1);
insert into offer (id, title, date, year, condition, price, item_model_id, user_id) values (60, 'sport', '2016-05-06', 2016, 'doskonały', 618, 54, 1);
insert into offer (id, title, date, year, condition, price, item_model_id, user_id) values (61, 'legit ostatnia sztuka', '2019-03-12', 2016, 'dobry', 196, 49, 1);
insert into offer (id, title, date, year, condition, price, item_model_id, user_id) values (62, 'firma oryginał powystawowa sprzedaż', '2017-10-05', 2017, 'doskonały', 540, 84, 1);
insert into offer (id, title, date, year, condition, price, item_model_id, user_id) values (63, 'bez dziur ostatnia sztuka firma WYPRZEDAŻ', '2018-02-22', 2018, 'bardzo dobry', 488, 70, 1);
insert into offer (id, title, date, year, condition, price, item_model_id, user_id) values (64, 'faktura firma', '2019-05-17', 2017, 'bardzo dobry', 653, 24, 1);
insert into offer (id, title, date, year, condition, price, item_model_id, user_id) values (65, 'OKAZJA streetwear WYPRZEDAŻ', '2019-07-19', 2013, 'doskonały', 587, 2, 1);
insert into offer (id, title, date, year, condition, price, item_model_id, user_id) values (66, 'casual bez dziur bawełna', '2016-12-29', 2015, 'doskonały', 699, 9, 1);
insert into offer (id, title, date, year, condition, price, item_model_id, user_id) values (67, 'legit casual powystawowa sprzedaż streetwear', '2016-06-10', 2014, 'bardzo dobry', 667, 16, 1);
insert into offer (id, title, date, year, condition, price, item_model_id, user_id) values (68, 'bez dziur powystawowa sprzedaż firma', '2016-09-03', 2015, 'poprawny', 541, 45, 1);
insert into offer (id, title, date, year, condition, price, item_model_id, user_id) values (69, 'faktura', '2019-04-27', 2014, 'bardzo dobry', 309, 24, 1);
insert into offer (id, title, date, year, condition, price, item_model_id, user_id) values (70, 'legit oryginał casual OKAZJA', '2019-02-05', 2018, 'dobry', 439, 95, 1);
insert into offer (id, title, date, year, condition, price, item_model_id, user_id) values (71, 'made in poland casual', '2017-02-05', 2017, 'dobry', 111, 14, 1);
insert into offer (id, title, date, year, condition, price, item_model_id, user_id) values (72, 'streetwear faktura casual', '2016-03-14', 2015, 'bardzo dobry', 326, 36, 1);
insert into offer (id, title, date, year, condition, price, item_model_id, user_id) values (73, 'powystawowa sprzedaż OKAZJA streetwear WYPRZEDAŻ', '2016-02-21', 2013, 'bardzo dobry', 641, 33, 1);
insert into offer (id, title, date, year, condition, price, item_model_id, user_id) values (74, 'bawełna powystawowa sprzedaż', '2019-11-11', 2015, 'poprawny', 415, 75, 1);
insert into offer (id, title, date, year, condition, price, item_model_id, user_id) values (75, 'WYPRZEDAŻ casual powystawowa sprzedaż', '2020-04-25', 2013, 'bardzo dobry', 351, 61, 1);
insert into offer (id, title, date, year, condition, price, item_model_id, user_id) values (76, 'WYPRZEDAŻ bawełna sport', '2017-06-26', 2014, 'bardzo dobry', 651, 19, 1);
insert into offer (id, title, date, year, condition, price, item_model_id, user_id) values (77, 'faktura', '2019-02-28', 2014, 'bardzo dobry', 112, 3, 1);
insert into offer (id, title, date, year, condition, price, item_model_id, user_id) values (78, 'WYPRZEDAŻ bez dziur firma', '2019-09-30', 2016, 'bardzo dobry', 161, 60, 1);
insert into offer (id, title, date, year, condition, price, item_model_id, user_id) values (79, 'WYPRZEDAŻ', '2020-05-25', 2016, 'poprawny', 641, 98, 1);
insert into offer (id, title, date, year, condition, price, item_model_id, user_id) values (80, 'oryginał', '2018-04-02', 2015, 'bardzo dobry', 393, 78, 1);
insert into offer (id, title, date, year, condition, price, item_model_id, user_id) values (81, 'made in poland OKAZJA streetwear', '2020-01-14', 2020, 'poprawny', 648, 25, 1);
insert into offer (id, title, date, year, condition, price, item_model_id, user_id) values (82, 'WYPRZEDAŻ legit OKAZJA', '2019-12-18', 2019, 'doskonały', 261, 97, 1);
insert into offer (id, title, date, year, condition, price, item_model_id, user_id) values (83, 'casual bawełna legit powystawowa sprzedaż', '2015-11-09', 2014, 'poprawny', 250, 85, 1);
insert into offer (id, title, date, year, condition, price, item_model_id, user_id) values (84, 'powystawowa sprzedaż', '2018-05-11', 2013, 'dobry', 75, 75, 1);
insert into offer (id, title, date, year, condition, price, item_model_id, user_id) values (85, 'firma OKAZJA faktura oryginał', '2018-10-19', 2015, 'doskonały', 420, 45, 1);
insert into offer (id, title, date, year, condition, price, item_model_id, user_id) values (86, 'OKAZJA casual legit', '2016-09-11', 2016, 'dobry', 439, 77, 1);
insert into offer (id, title, date, year, condition, price, item_model_id, user_id) values (87, 'casual bez dziur faktura', '2017-03-25', 2017, 'dobry', 162, 70, 1);
insert into offer (id, title, date, year, condition, price, item_model_id, user_id) values (88, 'made in poland OKAZJA bez dziur', '2017-04-08', 2017, 'bardzo dobry', 153, 85, 1);
insert into offer (id, title, date, year, condition, price, item_model_id, user_id) values (89, 'oryginał casual', '2017-06-12', 2014, 'bardzo dobry', 146, 17, 1);
insert into offer (id, title, date, year, condition, price, item_model_id, user_id) values (90, 'streetwear legit', '2019-08-14', 2016, 'dobry', 587, 93, 1);
insert into offer (id, title, date, year, condition, price, item_model_id, user_id) values (91, 'WYPRZEDAŻ bez dziur ostatnia sztuka OKAZJA', '2018-03-27', 2013, 'dobry', 621, 74, 1);
insert into offer (id, title, date, year, condition, price, item_model_id, user_id) values (92, 'bawełna', '2018-08-01', 2014, 'bardzo dobry', 583, 44, 1);
insert into offer (id, title, date, year, condition, price, item_model_id, user_id) values (93, 'casual bez dziur', '2016-09-09', 2015, 'dobry', 181, 95, 1);
insert into offer (id, title, date, year, condition, price, item_model_id, user_id) values (94, 'bez dziur powystawowa sprzedaż legit OKAZJA', '2020-04-05', 2016, 'dobry', 486, 45, 1);
insert into offer (id, title, date, year, condition, price, item_model_id, user_id) values (95, 'made in poland casual', '2017-04-21', 2015, 'dobry', 266, 58, 1);
insert into offer (id, title, date, year, condition, price, item_model_id, user_id) values (96, 'oryginał bez dziur powystawowa sprzedaż streetwear', '2016-11-11', 2013, 'poprawny', 463, 40, 1);
insert into offer (id, title, date, year, condition, price, item_model_id, user_id) values (97, 'oryginał', '2019-01-21', 2014, 'dobry', 433, 68, 1);
insert into offer (id, title, date, year, condition, price, item_model_id, user_id) values (98, 'bawełna WYPRZEDAŻ faktura', '2020-01-20', 2013, 'dobry', 575, 2, 1);
insert into offer (id, title, date, year, condition, price, item_model_id, user_id) values (99, 'oryginał', '2018-08-16', 2015, 'doskonały', 535, 8, 1);
insert into offer (id, title, date, year, condition, price, item_model_id, user_id) values (100, 'OKAZJA sport', '2017-11-18', 2017, 'poprawny', 615, 93, 1);
insert into offer (id, title, date, year, condition, price, item_model_id, user_id) values (101, 'casual', '2019-05-21', 2015, 'bardzo dobry', 282, 11, 1);
insert into offer (id, title, date, year, condition, price, item_model_id, user_id) values (102, 'streetwear bez dziur', '2016-07-09', 2016, 'poprawny', 31, 92, 1);
insert into offer (id, title, date, year, condition, price, item_model_id, user_id) values (103, 'ostatnia sztuka bez dziur legit powystawowa sprzedaż', '2020-03-02', 2016, 'doskonały', 372, 57, 1);
insert into offer (id, title, date, year, condition, price, item_model_id, user_id) values (104, 'sport streetwear ostatnia sztuka OKAZJA', '2019-12-11', 2015, 'bardzo dobry', 179, 100, 1);
insert into offer (id, title, date, year, condition, price, item_model_id, user_id) values (105, 'ostatnia sztuka sport firma streetwear', '2018-01-24', 2015, 'poprawny', 112, 98, 1);
insert into offer (id, title, date, year, condition, price, item_model_id, user_id) values (106, 'firma ostatnia sztuka oryginał', '2015-09-24', 2015, 'dobry', 127, 12, 1);
insert into offer (id, title, date, year, condition, price, item_model_id, user_id) values (107, 'ostatnia sztuka firma', '2015-08-01', 2015, 'doskonały', 590, 66, 1);
insert into offer (id, title, date, year, condition, price, item_model_id, user_id) values (108, 'streetwear OKAZJA bez dziur faktura', '2015-09-07', 2015, 'doskonały', 568, 6, 1);
insert into offer (id, title, date, year, condition, price, item_model_id, user_id) values (109, 'streetwear made in poland oryginał bez dziur', '2019-12-27', 2013, 'bardzo dobry', 388, 59, 1);
insert into offer (id, title, date, year, condition, price, item_model_id, user_id) values (110, 'OKAZJA faktura casual made in poland', '2019-12-07', 2016, 'bardzo dobry', 108, 84, 1);
insert into offer (id, title, date, year, condition, price, item_model_id, user_id) values (111, 'streetwear WYPRZEDAŻ', '2019-01-19', 2015, 'bardzo dobry', 328, 40, 1);
insert into offer (id, title, date, year, condition, price, item_model_id, user_id) values (112, 'bez dziur casual firma', '2020-05-31', 2017, 'doskonały', 510, 4, 1);
insert into offer (id, title, date, year, condition, price, item_model_id, user_id) values (113, 'powystawowa sprzedaż', '2020-03-20', 2019, 'bardzo dobry', 469, 62, 1);
insert into offer (id, title, date, year, condition, price, item_model_id, user_id) values (114, 'bez dziur firma', '2018-07-16', 2018, 'dobry', 72, 36, 1);
insert into offer (id, title, date, year, condition, price, item_model_id, user_id) values (115, 'streetwear bawełna', '2015-10-17', 2015, 'bardzo dobry', 390, 49, 1);
insert into offer (id, title, date, year, condition, price, item_model_id, user_id) values (116, 'firma ostatnia sztuka oryginał powystawowa sprzedaż', '2016-12-13', 2014, 'doskonały', 114, 3, 1);
insert into offer (id, title, date, year, condition, price, item_model_id, user_id) values (117, 'bez dziur made in poland oryginał', '2020-04-08', 2015, 'poprawny', 53, 72, 1);
insert into offer (id, title, date, year, condition, price, item_model_id, user_id) values (118, 'bez dziur faktura firma', '2019-03-24', 2016, 'dobry', 510, 18, 1);
insert into offer (id, title, date, year, condition, price, item_model_id, user_id) values (119, 'OKAZJA', '2016-04-08', 2013, 'dobry', 144, 47, 1);
insert into offer (id, title, date, year, condition, price, item_model_id, user_id) values (120, 'bawełna bez dziur', '2015-12-11', 2013, 'poprawny', 574, 18, 1);
insert into offer (id, title, date, year, condition, price, item_model_id, user_id) values (121, 'bawełna legit bez dziur oryginał', '2016-06-01', 2013, 'bardzo dobry', 571, 63, 1);
insert into offer (id, title, date, year, condition, price, item_model_id, user_id) values (122, 'bez dziur OKAZJA powystawowa sprzedaż firma', '2015-11-13', 2013, 'doskonały', 681, 6, 1);
insert into offer (id, title, date, year, condition, price, item_model_id, user_id) values (123, 'firma casual bez dziur faktura', '2016-07-02', 2014, 'doskonały', 572, 27, 1);
insert into offer (id, title, date, year, condition, price, item_model_id, user_id) values (124, 'bez dziur', '2017-08-26', 2016, 'bardzo dobry', 371, 10, 1);
insert into offer (id, title, date, year, condition, price, item_model_id, user_id) values (125, 'streetwear', '2018-02-17', 2013, 'poprawny', 232, 100, 1);
insert into offer (id, title, date, year, condition, price, item_model_id, user_id) values (126, 'bez dziur', '2017-03-10', 2015, 'poprawny', 587, 77, 1);
insert into offer (id, title, date, year, condition, price, item_model_id, user_id) values (127, 'sport oryginał firma', '2015-12-12', 2014, 'poprawny', 294, 55, 1);
insert into offer (id, title, date, year, condition, price, item_model_id, user_id) values (128, 'casual OKAZJA streetwear', '2017-05-05', 2013, 'doskonały', 413, 20, 1);
insert into offer (id, title, date, year, condition, price, item_model_id, user_id) values (129, 'sport legit firma', '2019-08-03', 2017, 'poprawny', 186, 43, 1);
insert into offer (id, title, date, year, condition, price, item_model_id, user_id) values (130, 'casual sport firma', '2019-04-27', 2015, 'poprawny', 173, 79, 1);
insert into offer (id, title, date, year, condition, price, item_model_id, user_id) values (131, 'bawełna OKAZJA oryginał streetwear', '2016-09-16', 2014, 'doskonały', 393, 52, 1);
insert into offer (id, title, date, year, condition, price, item_model_id, user_id) values (132, 'made in poland', '2019-02-03', 2013, 'bardzo dobry', 323, 93, 1);
insert into offer (id, title, date, year, condition, price, item_model_id, user_id) values (133, 'bez dziur casual', '2019-09-22', 2015, 'doskonały', 312, 80, 1);
insert into offer (id, title, date, year, condition, price, item_model_id, user_id) values (134, 'oryginał WYPRZEDAŻ streetwear', '2017-03-18', 2015, 'poprawny', 131, 98, 1);
insert into offer (id, title, date, year, condition, price, item_model_id, user_id) values (135, 'oryginał', '2018-10-03', 2014, 'dobry', 37, 91, 1);
insert into offer (id, title, date, year, condition, price, item_model_id, user_id) values (136, 'made in poland', '2018-11-06', 2018, 'poprawny', 154, 86, 1);
insert into offer (id, title, date, year, condition, price, item_model_id, user_id) values (137, 'OKAZJA oryginał bawełna', '2016-01-22', 2014, 'dobry', 189, 99, 1);
insert into offer (id, title, date, year, condition, price, item_model_id, user_id) values (138, 'bawełna WYPRZEDAŻ oryginał', '2015-07-08', 2015, 'dobry', 377, 22, 1);
insert into offer (id, title, date, year, condition, price, item_model_id, user_id) values (139, 'firma oryginał bez dziur', '2015-10-18', 2014, 'dobry', 445, 20, 1);
insert into offer (id, title, date, year, condition, price, item_model_id, user_id) values (140, 'sport', '2016-02-16', 2013, 'doskonały', 399, 80, 1);
insert into offer (id, title, date, year, condition, price, item_model_id, user_id) values (141, 'made in poland powystawowa sprzedaż sport ostatnia sztuka', '2015-06-21', 2013, 'doskonały', 330, 69, 1);
insert into offer (id, title, date, year, condition, price, item_model_id, user_id) values (142, 'legit WYPRZEDAŻ sport', '2018-06-24', 2013, 'bardzo dobry', 221, 36, 1);
insert into offer (id, title, date, year, condition, price, item_model_id, user_id) values (143, 'firma faktura streetwear bez dziur', '2019-03-31', 2013, 'bardzo dobry', 288, 76, 1);
insert into offer (id, title, date, year, condition, price, item_model_id, user_id) values (144, 'OKAZJA casual sport WYPRZEDAŻ', '2017-10-07', 2013, 'bardzo dobry', 115, 67, 1);
insert into offer (id, title, date, year, condition, price, item_model_id, user_id) values (145, 'firma made in poland oryginał bez dziur', '2017-11-12', 2014, 'dobry', 159, 19, 1);
insert into offer (id, title, date, year, condition, price, item_model_id, user_id) values (146, 'faktura OKAZJA', '2015-08-30', 2015, 'doskonały', 443, 37, 1);
insert into offer (id, title, date, year, condition, price, item_model_id, user_id) values (147, 'streetwear powystawowa sprzedaż casual legit', '2017-06-12', 2013, 'dobry', 556, 77, 1);
insert into offer (id, title, date, year, condition, price, item_model_id, user_id) values (148, 'sport faktura firma', '2019-06-16', 2015, 'poprawny', 180, 79, 1);
insert into offer (id, title, date, year, condition, price, item_model_id, user_id) values (149, 'sport bawełna made in poland', '2017-10-03', 2014, 'poprawny', 563, 93, 1);
insert into offer (id, title, date, year, condition, price, item_model_id, user_id) values (150, 'casual', '2017-01-19', 2015, 'dobry', 439, 54, 1);
insert into offer (id, title, date, year, condition, price, item_model_id, user_id) values (151, 'bawełna bez dziur made in poland oryginał', '2017-06-15', 2014, 'bardzo dobry', 40, 82, 1);
insert into offer (id, title, date, year, condition, price, item_model_id, user_id) values (152, 'bez dziur oryginał', '2020-04-25', 2016, 'bardzo dobry', 396, 14, 1);
insert into offer (id, title, date, year, condition, price, item_model_id, user_id) values (153, 'sport', '2018-12-16', 2014, 'dobry', 452, 95, 1);
insert into offer (id, title, date, year, condition, price, item_model_id, user_id) values (154, 'sport powystawowa sprzedaż ostatnia sztuka', '2020-02-13', 2020, 'doskonały', 508, 96, 1);
insert into offer (id, title, date, year, condition, price, item_model_id, user_id) values (155, 'bawełna made in poland firma powystawowa sprzedaż', '2017-05-11', 2013, 'dobry', 309, 6, 1);
insert into offer (id, title, date, year, condition, price, item_model_id, user_id) values (156, 'ostatnia sztuka oryginał casual bawełna', '2017-12-14', 2013, 'bardzo dobry', 512, 16, 1);
insert into offer (id, title, date, year, condition, price, item_model_id, user_id) values (157, 'powystawowa sprzedaż streetwear', '2015-06-15', 2015, 'dobry', 459, 49, 1);
insert into offer (id, title, date, year, condition, price, item_model_id, user_id) values (158, 'bez dziur', '2018-08-26', 2013, 'bardzo dobry', 64, 91, 1);
insert into offer (id, title, date, year, condition, price, item_model_id, user_id) values (159, 'powystawowa sprzedaż oryginał faktura', '2018-03-27', 2013, 'poprawny', 376, 72, 1);
insert into offer (id, title, date, year, condition, price, item_model_id, user_id) values (160, 'streetwear OKAZJA ostatnia sztuka', '2016-05-17', 2014, 'poprawny', 692, 52, 1);
insert into offer (id, title, date, year, condition, price, item_model_id, user_id) values (161, 'made in poland', '2020-02-10', 2014, 'bardzo dobry', 76, 42, 1);
insert into offer (id, title, date, year, condition, price, item_model_id, user_id) values (162, 'powystawowa sprzedaż made in poland bez dziur', '2020-05-31', 2019, 'poprawny', 328, 64, 1);
insert into offer (id, title, date, year, condition, price, item_model_id, user_id) values (163, 'bez dziur oryginał ostatnia sztuka', '2018-07-16', 2018, 'poprawny', 130, 92, 1);
insert into offer (id, title, date, year, condition, price, item_model_id, user_id) values (164, 'faktura legit WYPRZEDAŻ', '2018-10-19', 2016, 'poprawny', 457, 38, 1);
insert into offer (id, title, date, year, condition, price, item_model_id, user_id) values (165, 'legit powystawowa sprzedaż bez dziur', '2018-08-17', 2013, 'bardzo dobry', 651, 6, 1);
insert into offer (id, title, date, year, condition, price, item_model_id, user_id) values (166, 'bez dziur bawełna', '2018-08-24', 2015, 'poprawny', 632, 59, 1);
insert into offer (id, title, date, year, condition, price, item_model_id, user_id) values (167, 'powystawowa sprzedaż OKAZJA bawełna', '2016-09-18', 2013, 'bardzo dobry', 643, 41, 1);
insert into offer (id, title, date, year, condition, price, item_model_id, user_id) values (168, 'WYPRZEDAŻ made in poland', '2015-09-03', 2015, 'dobry', 697, 7, 1);
insert into offer (id, title, date, year, condition, price, item_model_id, user_id) values (169, 'firma ostatnia sztuka', '2019-09-04', 2014, 'doskonały', 607, 83, 1);
insert into offer (id, title, date, year, condition, price, item_model_id, user_id) values (170, 'WYPRZEDAŻ bawełna', '2018-12-09', 2017, 'poprawny', 680, 66, 1);
insert into offer (id, title, date, year, condition, price, item_model_id, user_id) values (171, 'ostatnia sztuka faktura streetwear bawełna', '2018-07-24', 2016, 'bardzo dobry', 401, 99, 1);
insert into offer (id, title, date, year, condition, price, item_model_id, user_id) values (172, 'OKAZJA faktura streetwear powystawowa sprzedaż', '2018-08-17', 2016, 'doskonały', 201, 71, 1);
insert into offer (id, title, date, year, condition, price, item_model_id, user_id) values (173, 'bez dziur legit firma sport', '2015-09-10', 2013, 'bardzo dobry', 177, 69, 1);
insert into offer (id, title, date, year, condition, price, item_model_id, user_id) values (174, 'bez dziur sport OKAZJA streetwear', '2016-05-19', 2014, 'bardzo dobry', 640, 75, 1);
insert into offer (id, title, date, year, condition, price, item_model_id, user_id) values (175, 'WYPRZEDAŻ OKAZJA ostatnia sztuka oryginał', '2016-10-22', 2014, 'dobry', 322, 53, 1);
insert into offer (id, title, date, year, condition, price, item_model_id, user_id) values (176, 'OKAZJA firma', '2017-07-26', 2013, 'bardzo dobry', 302, 97, 1);
insert into offer (id, title, date, year, condition, price, item_model_id, user_id) values (177, 'WYPRZEDAŻ firma made in poland', '2019-01-04', 2017, 'poprawny', 455, 73, 1);
insert into offer (id, title, date, year, condition, price, item_model_id, user_id) values (178, 'sport legit', '2017-04-17', 2017, 'bardzo dobry', 229, 75, 1);
insert into offer (id, title, date, year, condition, price, item_model_id, user_id) values (179, 'OKAZJA', '2016-09-20', 2013, 'poprawny', 274, 51, 1);
insert into offer (id, title, date, year, condition, price, item_model_id, user_id) values (180, 'streetwear powystawowa sprzedaż WYPRZEDAŻ legit', '2016-11-07', 2016, 'doskonały', 125, 45, 1);
insert into offer (id, title, date, year, condition, price, item_model_id, user_id) values (181, 'powystawowa sprzedaż made in poland bez dziur firma', '2016-04-20', 2014, 'bardzo dobry', 225, 51, 1);
insert into offer (id, title, date, year, condition, price, item_model_id, user_id) values (182, 'bez dziur made in poland', '2016-10-30', 2016, 'poprawny', 642, 27, 1);
insert into offer (id, title, date, year, condition, price, item_model_id, user_id) values (183, 'bez dziur', '2017-05-13', 2013, 'dobry', 138, 64, 1);
insert into offer (id, title, date, year, condition, price, item_model_id, user_id) values (184, 'bawełna faktura made in poland', '2019-05-11', 2015, 'poprawny', 649, 6, 1);
insert into offer (id, title, date, year, condition, price, item_model_id, user_id) values (185, 'powystawowa sprzedaż', '2018-01-13', 2015, 'dobry', 503, 53, 1);
insert into offer (id, title, date, year, condition, price, item_model_id, user_id) values (186, 'streetwear sport WYPRZEDAŻ', '2018-11-26', 2014, 'dobry', 136, 89, 1);
insert into offer (id, title, date, year, condition, price, item_model_id, user_id) values (187, 'bez dziur', '2020-03-05', 2019, 'poprawny', 497, 78, 1);
insert into offer (id, title, date, year, condition, price, item_model_id, user_id) values (188, 'OKAZJA bez dziur sport WYPRZEDAŻ', '2015-12-05', 2015, 'bardzo dobry', 530, 43, 1);
insert into offer (id, title, date, year, condition, price, item_model_id, user_id) values (189, 'firma', '2019-11-12', 2017, 'doskonały', 114, 93, 1);
insert into offer (id, title, date, year, condition, price, item_model_id, user_id) values (190, 'bawełna casual made in poland firma', '2016-10-14', 2014, 'doskonały', 146, 100, 1);
insert into offer (id, title, date, year, condition, price, item_model_id, user_id) values (191, 'sport powystawowa sprzedaż legit firma', '2016-01-31', 2014, 'dobry', 571, 45, 1);
insert into offer (id, title, date, year, condition, price, item_model_id, user_id) values (192, 'oryginał WYPRZEDAŻ sport', '2018-02-14', 2015, 'doskonały', 98, 7, 1);
insert into offer (id, title, date, year, condition, price, item_model_id, user_id) values (193, 'streetwear powystawowa sprzedaż', '2019-07-10', 2016, 'doskonały', 238, 43, 1);
insert into offer (id, title, date, year, condition, price, item_model_id, user_id) values (194, 'oryginał OKAZJA faktura', '2016-07-09', 2014, 'poprawny', 306, 43, 1);
insert into offer (id, title, date, year, condition, price, item_model_id, user_id) values (195, 'bez dziur casual WYPRZEDAŻ made in poland', '2019-09-08', 2018, 'bardzo dobry', 276, 44, 1);
insert into offer (id, title, date, year, condition, price, item_model_id, user_id) values (196, 'legit powystawowa sprzedaż bez dziur ostatnia sztuka', '2018-06-30', 2018, 'dobry', 676, 66, 1);
insert into offer (id, title, date, year, condition, price, item_model_id, user_id) values (197, 'OKAZJA', '2018-09-28', 2017, 'dobry', 169, 48, 1);
insert into offer (id, title, date, year, condition, price, item_model_id, user_id) values (198, 'ostatnia sztuka', '2019-10-18', 2019, 'doskonały', 691, 69, 1);
insert into offer (id, title, date, year, condition, price, item_model_id, user_id) values (199, 'legit', '2019-08-24', 2018, 'dobry', 456, 50, 1);
insert into offer (id, title, date, year, condition, price, item_model_id, user_id) values (200, 'legit WYPRZEDAŻ bawełna', '2017-07-23', 2017, 'doskonały', 71, 93, 1);

                                
